brand,processor_brand,processor_name,processor_gnrtn,ram_gb,ram_type,ssd,hdd,os,graphic_card_gb,Touchscreen,msoffice,rating,Price
ASUS,Intel,Core i3,10,4,DDR4,0,1024,Windows,0,No,No,2,34649
Lenovo,Intel,Core i3,10,4,DDR4,0,1024,Windows,0,No,No,3,38999
Lenovo,Intel,Core i3,10,4,DDR4,0,1024,Windows,0,No,No,3,39999
ASUS,Intel,Core i5,10,8,DDR4,512,0,Windows,2,No,No,3,69990
ASUS,Intel,Celeron Dual,11,4,DDR4,0,512,Windows,0,No,No,3,26990
ASUS,Intel,Celeron Dual,11,4,DDR4,0,512,Windows,0,No,No,3,22990
ASUS,Intel,Celeron Dual,11,4,DDR4,0,512,Windows,0,No,No,3,21990
ASUS,Intel,Core i5,10,8,DDR4,0,1024,Windows,2,No,No,3,58799
Lenovo,Intel,Core i5,10,4,DDR4,0,1024,Windows,0,No,No,3,49999
acer,AMD,Ryzen 5,10,4,DDR4,0,512,Windows,4,No,No,4,59990
acer,AMD,Ryzen 5,10,4,DDR4,0,512,Windows,6,No,No,4,93700
acer,AMD,Ryzen 5,10,4,DDR4,0,512,Windows,4,No,No,4,72990
Avita,Intel,Celeron Dual,11,4,DDR4,0,512,Windows,0,No,No,3,17490
ASUS,Intel,Celeron Dual,11,4,DDR4,0,512,Windows,0,No,No,3,22990
ASUS,Intel,Core i3,11,4,DDR4,256,0,Windows,0,No,No,3,35990
HP,Intel,Core i3,11,8,DDR4,256,0,Windows,0,Yes,No,3,56490
HP,Intel,Core i5,11,8,DDR4,256,0,Windows,0,No,No,3,65390
Lenovo,Intel,Celeron Dual,11,4,DDR4,256,0,Windows,0,No,No,4,31999
HP,Intel,Celeron Dual,11,8,DDR4,256,0,Windows,0,No,No,4,32490
Lenovo,Intel,Celeron Dual,11,4,DDR4,256,0,Windows,0,No,No,3,31799
ASUS,Intel,Celeron Dual,11,4,DDR4,256,0,Windows,0,No,No,4,29890
ASUS,Intel,Celeron Dual,11,4,DDR4,0,1024,Windows,0,No,No,3,23990
HP,Intel,Core i3,7,4,DDR4,0,1024,Windows,0,No,No,4,32955
HP,Intel,Core i5,7,4,DDR4,0,1024,Windows,2,No,No,4,46200
ASUS,Intel,Core i3,11,4,DDR4,256,0,Windows,0,No,No,4,34429
Lenovo,Intel,Core i3,10,8,DDR4,256,0,Windows,0,No,Yes,4,37990
ASUS,Intel,Core i3,11,4,DDR4,256,0,Windows,0,No,Yes,4,35990
ASUS,Intel,Core i3,10,8,DDR4,256,0,Windows,0,No,No,4,33980
HP,Intel,Core i3,11,8,DDR4,256,0,Windows,0,No,Yes,4,39990
DELL,Intel,Core i3,10,8,DDR4,256,0,Windows,0,No,Yes,4,39490
HP,Intel,Core i3,11,8,DDR4,256,0,Windows,0,Yes,Yes,4,53990
acer,Intel,Core i3,11,8,DDR4,256,0,Windows,0,No,No,3,38990
ASUS,Intel,Core i3,11,8,DDR4,256,0,Windows,0,No,No,4,37990
ASUS,Intel,Core i3,11,8,DDR4,256,0,Windows,0,No,Yes,4,37890
Lenovo,Intel,Core i3,11,8,DDR4,256,0,Windows,0,No,No,4,38990
Lenovo,Intel,Core i3,10,8,DDR4,256,0,Windows,0,No,No,4,37990
DELL,Intel,Core i3,11,8,DDR4,256,0,Windows,0,No,Yes,3,41990
ASUS,Intel,Core i3,11,8,DDR4,256,0,Windows,0,No,No,4,45990
Lenovo,Intel,Core i3,11,8,DDR4,256,0,Windows,0,No,No,4,39990
DELL,Intel,Core i3,11,8,DDR4,256,0,Windows,0,No,No,4,42490
DELL,Intel,Core i3,10,4,DDR4,256,0,Windows,0,No,Yes,4,36990
Lenovo,Intel,Core i3,11,8,DDR4,256,0,Windows,0,Yes,Yes,4,53990
ASUS,Intel,Core i3,11,8,DDR4,256,0,Windows,0,No,No,4,36990
Lenovo,Intel,Core i3,10,4,DDR4,256,0,Windows,0,No,No,4,38940
DELL,Intel,Core i3,10,4,DDR4,256,0,Windows,0,No,Yes,4,39490
ASUS,Intel,Core i3,11,8,DDR4,256,0,Windows,0,No,No,4,45990
Lenovo,Intel,Core i3,10,8,DDR4,256,0,Windows,0,No,Yes,5,39999
DELL,Intel,Core i3,11,8,DDR4,256,0,Windows,0,No,No,4,42990
DELL,Intel,Core i3,11,8,DDR4,256,0,Windows,0,Yes,No,4,49990
DELL,Intel,Core i3,11,8,DDR4,256,0,Windows,0,No,Yes,4,41490
DELL,Intel,Core i3,11,8,DDR4,256,0,Windows,0,No,No,4,41990
Lenovo,Intel,Core i3,11,8,DDR4,256,0,Windows,0,No,Yes,4,41990
ASUS,Intel,Core i3,11,8,DDR4,256,0,Windows,0,No,No,3,38490
Lenovo,Intel,Core i3,11,4,DDR4,256,0,Windows,0,No,Yes,4,38990
Lenovo,Intel,Core i3,11,4,DDR4,256,0,Windows,0,No,Yes,4,44990
Lenovo,Intel,Core i3,10,4,DDR4,256,0,Windows,0,No,No,3,36490
Lenovo,Intel,Core i3,10,8,DDR4,256,0,Windows,0,No,No,3,38970
HP,Intel,Core i3,11,4,DDR4,256,0,Windows,0,No,Yes,4,44900
MSI,Intel,Core i3,10,4,DDR4,256,0,Windows,0,No,No,4,38990
DELL,Intel,Core i3,11,4,DDR4,256,0,Windows,0,No,No,3,44427
ASUS,Intel,Core i3,10,4,DDR4,256,0,Windows,0,No,No,3,35990
Lenovo,Intel,Core i3,10,4,DDR4,256,0,Windows,0,No,Yes,3,40200
Lenovo,Intel,Core i3,10,4,DDR4,256,0,Windows,0,No,No,3,40990
DELL,Intel,Core i3,10,4,DDR4,256,0,Windows,0,No,No,3,42490
acer,Intel,Celeron Dual,11,4,DDR4,0,512,Windows,0,No,No,3,23990
DELL,Intel,Core i3,11,4,DDR4,256,0,Windows,0,Yes,No,4,71999
ASUS,Intel,Core i3,11,4,DDR4,256,0,Windows,0,No,No,4,39990
Lenovo,Intel,Core i3,10,4,DDR4,256,0,Windows,0,No,Yes,4,41998
ASUS,Intel,Core i3,11,4,DDR4,256,0,Windows,0,No,No,3,41990
Lenovo,Intel,Core i3,10,4,DDR4,256,0,Windows,0,No,Yes,3,39999
ASUS,Intel,Core i3,10,4,DDR4,256,0,Windows,0,No,No,3,39990
Lenovo,Intel,Core i3,11,4,DDR4,256,0,Windows,0,No,No,4,39998
HP,Intel,Core i3,11,4,DDR4,256,0,Windows,0,No,Yes,4,42490
Lenovo,Intel,Core i3,10,4,DDR4,256,0,Windows,0,No,No,3,41990
ASUS,Intel,Core i3,11,4,DDR4,256,0,Windows,0,No,No,3,48490
HP,Intel,Core i3,11,4,DDR4,256,0,Windows,0,No,Yes,4,44376
DELL,Intel,Core i3,11,4,DDR4,256,0,Windows,0,No,No,3,43900
DELL,Intel,Core i3,11,4,DDR4,256,0,Windows,0,No,No,3,46690
Lenovo,Intel,Core i3,10,4,DDR4,256,0,Windows,0,No,No,5,40990
DELL,Intel,Core i3,10,4,DDR4,256,0,Windows,0,No,No,4,39990
Lenovo,Intel,Core i3,11,4,DDR4,256,0,Windows,0,No,No,3,43990
ASUS,Intel,Core i3,11,4,DDR4,256,0,Windows,0,No,No,4,36990
DELL,Intel,Core i3,11,8,DDR4,256,0,Windows,0,No,No,3,48500
ASUS,Intel,Core i3,11,8,DDR4,256,0,Windows,0,No,No,3,48990
ASUS,Intel,Celeron Dual,11,4,LPDDR4,0,512,Windows,0,No,No,4,23490
HP,Intel,Core i3,8,4,DDR4,256,0,Windows,0,Yes,Yes,4,54238
ASUS,Intel,Core i3,10,8,DDR4,512,0,Windows,0,No,No,4,37990
HP,Intel,Core i3,11,8,DDR4,512,0,Windows,0,No,Yes,4,42990
HP,Intel,Core i3,11,8,DDR4,512,0,Windows,0,No,Yes,4,42990
ASUS,Intel,Core i3,10,4,DDR4,512,0,Windows,0,No,No,4,35990
ASUS,Intel,Core i3,11,8,DDR4,512,0,Windows,0,No,No,4,42990
ASUS,Intel,Core i3,11,8,LPDDR4X,512,0,Windows,0,Yes,Yes,4,51990
ASUS,Intel,Core i3,11,8,DDR4,512,0,Windows,0,No,No,4,48990
ASUS,Intel,Core i3,11,8,DDR4,512,0,Windows,0,No,No,4,42990
Lenovo,Intel,Core i3,10,8,DDR4,512,0,Windows,0,No,No,3,38990
DELL,Intel,Core i3,11,8,DDR4,512,0,Windows,0,No,No,4,45990
HP,Intel,Core i3,10,8,DDR4,512,0,Windows,0,No,Yes,4,42490
HP,Intel,Core i3,11,8,DDR4,512,0,Windows,0,No,Yes,4,43970
ASUS,Intel,Core i3,10,4,DDR4,512,0,Windows,0,No,Yes,4,39990
MSI,Intel,Core i3,11,8,DDR4,512,0,Windows,0,No,No,4,48990
HP,Intel,Core i3,11,8,DDR4,512,0,Windows,0,No,Yes,4,54990
MSI,Intel,Core i3,10,8,DDR4,512,0,Windows,0,No,No,4,40990
ASUS,Intel,Core i3,11,8,DDR4,512,0,Windows,0,No,Yes,3,41990
Lenovo,Intel,Core i3,11,8,DDR4,512,0,Windows,0,Yes,No,4,54990
ASUS,Intel,Core i3,11,8,DDR4,512,0,Windows,0,No,Yes,4,44990
HP,Intel,Core i3,11,8,DDR4,512,0,Windows,0,No,No,4,41250
HP,Intel,Core i3,11,8,DDR4,512,0,Windows,0,No,No,3,44990
ASUS,Intel,Core i3,11,8,DDR4,512,0,Windows,0,No,No,4,42990
DELL,Intel,Core i3,11,8,DDR4,512,0,Windows,0,Yes,No,4,60790
HP,Intel,Core i3,11,8,DDR4,512,0,Windows,0,No,No,4,45650
DELL,Intel,Core i3,10,8,DDR4,512,0,Windows,0,No,Yes,3,41990
DELL,Intel,Core i3,10,8,DDR4,512,0,Windows,0,No,No,4,45490
ASUS,Intel,Core i3,11,8,DDR4,512,0,Windows,0,No,Yes,3,44990
Lenovo,Intel,Core i3,11,8,DDR4,512,0,Windows,0,No,Yes,4,42990
HP,Intel,Core i3,11,4,DDR4,512,0,Windows,0,No,Yes,4,45490
HP,Intel,Core i3,10,4,DDR4,512,0,Windows,0,No,No,4,38799
HP,Intel,Core i3,11,4,DDR4,512,0,Windows,0,Yes,Yes,3,69267
ASUS,Intel,Core i3,11,4,DDR4,512,0,Windows,0,No,Yes,3,51649
HP,Intel,Core i3,11,4,DDR4,512,0,Windows,0,No,Yes,4,47990
ASUS,Intel,Core i3,10,4,DDR4,512,0,Windows,0,No,No,4,40990
ASUS,Intel,Core i3,10,4,DDR4,512,0,Windows,0,No,Yes,4,42990
ASUS,Intel,Core i3,11,4,DDR4,512,0,Windows,0,No,No,3,44890
ASUS,Intel,Core i3,10,4,DDR4,512,0,Windows,0,No,No,4,41490
HP,Intel,Core i3,11,4,DDR4,512,0,Windows,0,No,No,3,50990
HP,Intel,Core i3,11,4,DDR4,512,0,Windows,0,No,Yes,4,48900
ASUS,Intel,Core i3,10,4,DDR4,512,0,Windows,0,No,No,4,40990
DELL,Intel,Core i3,10,4,DDR4,512,0,Windows,0,No,No,3,41790
Lenovo,Intel,Core i3,11,4,DDR4,512,0,Windows,0,Yes,Yes,3,57999
DELL,Intel,Core i3,11,8,DDR4,512,0,Windows,0,No,No,3,45930
HP,Intel,Core i3,11,8,DDR4,512,0,Windows,0,Yes,Yes,4,55490
ASUS,Intel,Core i3,10,8,DDR4,0,1024,Windows,0,No,No,3,32890
Lenovo,Intel,Core i3,10,8,DDR4,0,1024,Windows,0,No,Yes,4,35990
DELL,Intel,Core i3,11,8,DDR4,0,1024,Windows,0,No,No,4,42490
DELL,Intel,Core i3,11,8,DDR4,0,1024,Windows,0,No,No,3,42190
DELL,Intel,Core i3,10,8,DDR4,0,1024,Windows,0,No,Yes,4,39490
HP,Intel,Core i3,11,8,DDR4,0,1024,Windows,0,No,Yes,4,43690
ASUS,Intel,Core i3,10,4,DDR4,0,1024,Windows,0,No,No,3,35990
DELL,Intel,Core i3,11,8,DDR4,0,1024,Windows,0,No,No,4,43800
Lenovo,Intel,Core i3,10,8,DDR4,0,1024,Windows,0,No,No,3,38990
ASUS,Intel,Core i3,10,4,DDR4,0,1024,Windows,0,No,No,3,34990
ASUS,Intel,Core i3,11,8,DDR4,0,1024,Windows,0,No,No,3,38900
DELL,Intel,Core i3,10,4,DDR4,0,1024,Windows,0,No,No,3,39990
DELL,Intel,Core i3,10,4,DDR4,0,1024,Windows,0,No,No,4,40890
Lenovo,Intel,Core i3,10,4,DDR4,0,1024,Windows,0,No,No,3,36990
HP,Intel,Core i3,11,4,DDR4,0,1024,Windows,0,No,Yes,3,39990
HP,Intel,Core i3,11,4,DDR4,0,1024,Windows,0,No,Yes,4,41990
DELL,Intel,Core i3,11,4,DDR4,0,1024,Windows,0,No,No,3,43970
HP,Intel,Core i3,11,4,DDR4,0,1024,Windows,0,No,No,3,39790
ASUS,Intel,Core i3,10,4,DDR4,0,1024,Windows,0,No,No,3,35590
HP,Intel,Core i3,10,4,DDR4,0,1024,Windows,0,No,Yes,3,36490
ASUS,Intel,Core i3,10,4,DDR4,0,1024,Windows,0,No,Yes,4,38990
ASUS,Intel,Core i3,10,4,DDR4,0,1024,Windows,0,No,No,3,33990
DELL,Intel,Core i3,10,4,DDR4,0,1024,Windows,0,No,Yes,4,43400
ASUS,Intel,Celeron Dual,11,4,LPDDR4,0,512,Windows,0,No,No,4,24990
HP,Intel,Core i3,10,4,DDR4,0,1024,Windows,0,No,Yes,4,40750
DELL,Intel,Core i3,10,4,DDR4,0,1024,Windows,0,No,Yes,4,43000
ASUS,Intel,Core i3,10,4,DDR4,0,1024,Windows,0,No,No,4,38000
DELL,Intel,Core i3,11,8,DDR4,0,1024,Windows,0,No,Yes,3,37990
HP,Intel,Core i3,7,8,DDR4,0,1024,Windows,2,No,No,4,49279
Lenovo,Intel,Core i3,10,8,DDR4,0,1024,Windows,0,No,No,3,38999
ASUS,Intel,Core i3,11,8,DDR4,0,1024,Windows,0,No,No,3,41500
acer,Intel,Core i3,11,4,DDR4,0,1024,Windows,0,No,No,3,36999
DELL,Intel,Core i3,11,8,DDR4,0,1024,Windows,0,No,No,3,42900
ASUS,Intel,Celeron Dual,11,4,LPDDR4,0,512,Windows,0,No,No,3,21490
DELL,Intel,Core i3,11,8,DDR4,0,1024,Windows,0,No,No,3,41480
ASUS,Intel,Core i3,10,8,DDR4,0,1024,Windows,0,No,No,2,32990
ASUS,Intel,Core i3,11,8,DDR4,0,1024,Windows,0,No,No,3,38680
ASUS,Intel,Celeron Dual,11,4,LPDDR4,0,512,Windows,0,No,No,4,23990
DELL,Intel,Core i3,10,8,DDR4,0,1024,Windows,0,No,No,3,40390
ASUS,Intel,Core i3,10,4,DDR4,0,1024,Windows,0,No,No,3,33990
ASUS,Intel,Celeron Dual,11,4,LPDDR4,0,512,Windows,0,No,No,3,20490
DELL,Intel,Core i3,10,8,DDR4,256,1024,Windows,0,No,Yes,5,41490
DELL,Intel,Core i3,11,8,DDR4,256,1024,Windows,0,No,No,4,45490
DELL,Intel,Core i3,11,8,DDR4,256,1024,Windows,0,No,No,4,44490
ASUS,Intel,Core i3,11,8,DDR4,256,1024,Windows,0,No,Yes,4,41890
DELL,Intel,Core i3,11,4,DDR4,256,1024,Windows,0,No,Yes,4,42990
acer,Intel,Core i3,11,8,DDR4,256,1024,Windows,0,No,No,4,40990
DELL,Intel,Core i3,11,8,DDR4,256,1024,Windows,0,No,No,4,48990
DELL,Intel,Core i3,11,4,DDR4,256,1024,Windows,0,No,Yes,3,43590
DELL,Intel,Core i3,10,4,DDR4,256,1024,Windows,0,No,No,4,44690
ASUS,Intel,Core i3,10,4,DDR4,256,1024,Windows,0,No,No,3,40990
DELL,Intel,Core i3,11,4,DDR4,256,1024,Windows,0,No,Yes,3,43990
DELL,Intel,Core i3,11,4,DDR4,256,1024,Windows,0,No,Yes,3,43590
DELL,Intel,Core i3,10,4,DDR4,256,1024,Windows,0,No,Yes,4,41390
DELL,Intel,Core i3,10,4,DDR4,256,1024,Windows,0,No,Yes,3,44290
DELL,Intel,Core i3,11,4,DDR4,256,1024,Windows,0,No,No,3,48999
DELL,Intel,Core i3,11,4,DDR4,256,1024,Windows,0,No,Yes,3,39990
DELL,Intel,Core i3,10,8,DDR4,256,1024,Windows,0,No,No,2,46390
ASUS,Intel,Celeron Dual,11,4,LPDDR4,0,512,Windows,0,No,No,3,18990
ASUS,Intel,Celeron Dual,11,4,LPDDR4,0,512,Windows,0,No,No,3,17990
HP,Intel,Celeron Dual,11,4,DDR4,0,512,Windows,0,No,No,3,26470
HP,Intel,Celeron Dual,11,4,DDR4,0,512,Windows,0,No,No,3,27990
Lenovo,Intel,Celeron Dual,11,4,DDR4,0,1024,Windows,0,No,No,3,29999
Lenovo,Intel,Celeron Dual,11,4,LPDDR4X,0,512,Windows,0,No,No,3,25990
Lenovo,Intel,Celeron Dual,11,4,LPDDR4,0,512,Windows,0,No,No,3,16990
Lenovo,Intel,Celeron Dual,11,4,LPDDR4,0,512,Windows,0,No,No,2,24990
acer,Intel,Core i5,11,8,DDR5,0,512,Windows,4,No,No,4,50990
acer,Intel,Core i5,11,8,LPDDR4,0,512,Windows,0,No,No,4,119990
acer,Intel,Core i5,10,8,LPDDR4,0,512,DOS,0,No,No,4,94190
ASUS,Intel,Core i5,10,8,LPDDR4,0,512,DOS,4,No,No,4,106167
DELL,Intel,Core i5,10,8,LPDDR4,0,512,DOS,4,No,No,1,68090
DELL,Intel,Core i5,10,8,LPDDR4,0,512,DOS,0,No,No,3,139990
HP,Intel,Core i5,10,8,LPDDR4,0,512,DOS,0,No,No,4,55990
HP,Intel,Core i5,10,8,LPDDR4,0,512,DOS,4,No,No,3,102551
Lenovo,Intel,Core i5,10,8,LPDDR4,0,512,DOS,2,No,No,4,46990
HP,Intel,Core i5,8,8,DDR4,128,0,Windows,0,No,No,4,76012
Lenovo,Intel,Core i5,11,8,DDR4,256,0,Windows,0,No,Yes,4,49490
acer,Intel,Core i5,7,8,DDR3,256,0,Windows,0,No,Yes,4,86867
ASUS,Intel,Core i5,11,8,DDR4,256,0,Windows,0,No,No,3,48990
DELL,Intel,Core i5,11,8,DDR4,256,0,Windows,0,No,No,3,55990
acer,Intel,Core i5,8,8,DDR3,256,0,Windows,0,Yes,Yes,4,81998
HP,Intel,Core i5,8,8,DDR4,256,0,Windows,0,Yes,Yes,3,136590
acer,Intel,Core i5,8,8,DDR4,256,0,Windows,0,No,No,3,59490
ASUS,Intel,Core i5,11,8,DDR4,256,0,Windows,0,No,No,3,49800
Lenovo,Intel,Core i5,11,8,DDR4,256,0,Windows,0,No,Yes,2,61999
HP,Intel,Core i5,11,8,DDR4,512,0,Windows,0,No,No,4,54990
HP,Intel,Core i5,11,8,DDR4,512,0,Windows,0,No,No,4,53990
Lenovo,Intel,Core i5,11,8,DDR4,512,0,Windows,0,No,Yes,4,52990
HP,Intel,Core i5,11,16,DDR4,512,0,Windows,0,No,Yes,4,67990
ASUS,Intel,Core i5,10,8,DDR4,512,0,Windows,4,No,No,4,57990
Lenovo,Intel,Core i5,11,16,DDR4,512,0,Windows,0,No,Yes,4,62300
Lenovo,Intel,Core i5,11,8,DDR4,512,0,Windows,0,No,No,3,52990
Lenovo,Intel,Core i5,11,8,DDR4,512,0,Windows,0,No,Yes,4,51990
Lenovo,Intel,Core i5,11,16,DDR4,512,0,Windows,0,No,No,4,61990
ASUS,Intel,Core i5,11,8,LPDDR4X,512,0,Windows,0,Yes,Yes,4,63990
Lenovo,Intel,Core i5,11,8,DDR4,512,0,Windows,0,No,Yes,4,65990
acer,Intel,Core i5,11,8,DDR4,512,0,Windows,0,No,No,4,52990
Lenovo,Intel,Core i5,10,8,DDR4,512,0,Windows,0,No,No,3,49990
ASUS,Intel,Core i5,11,8,DDR4,512,0,Windows,4,No,No,4,71990
ASUS,Intel,Core i5,10,8,DDR4,512,0,Windows,0,No,No,4,47990
Lenovo,Intel,Core i5,10,8,DDR4,512,0,Windows,0,No,Yes,4,48490
ASUS,Intel,Core i5,11,8,DDR4,512,0,Windows,4,No,No,4,72990
MSI,Intel,Core i5,11,16,DDR4,512,0,Windows,4,No,No,4,76990
ASUS,Intel,Core i5,11,16,DDR4,512,0,Windows,6,No,Yes,4,89990
MSI,Intel,Core i5,10,8,DDR4,512,0,Windows,4,No,No,4,59990
ASUS,Intel,Core i5,10,8,DDR4,512,0,Windows,4,No,Yes,4,65990
DELL,Intel,Core i5,11,8,DDR4,512,0,Windows,0,Yes,No,4,71990
DELL,Intel,Core i5,11,8,DDR4,512,0,Windows,0,Yes,No,4,71890
Lenovo,Intel,Core i5,11,16,DDR4,512,0,Windows,0,No,No,3,64990
ASUS,Intel,Core i5,11,16,DDR4,512,0,Windows,0,No,No,3,65990
HP,Intel,Core i5,11,8,DDR4,512,0,Windows,0,No,No,4,55999
ASUS,Intel,Core i5,11,16,DDR4,512,0,Windows,4,No,No,4,73490
HP,Intel,Core i5,11,16,DDR4,512,0,Windows,0,No,Yes,4,74490
HP,Intel,Core i5,11,8,DDR4,512,0,Windows,0,No,Yes,4,58340
acer,Intel,Core i5,11,8,DDR4,512,0,Windows,0,No,No,4,55999
DELL,Intel,Core i5,11,16,DDR4,512,0,Windows,0,No,No,4,67990
ASUS,Intel,Core i5,11,16,DDR4,512,0,Windows,0,No,No,4,59990
ASUS,Intel,Core i5,11,16,DDR4,512,0,Windows,6,No,Yes,4,82990
DELL,Intel,Core i5,11,8,DDR4,512,0,Windows,2,No,Yes,3,64190
DELL,Intel,Core i5,11,16,DDR4,512,0,Windows,0,No,No,4,70090
ASUS,Intel,Core i5,10,8,DDR4,512,0,Windows,2,No,No,4,49990
MSI,Intel,Core i5,11,8,DDR4,512,0,Windows,0,No,No,3,55490
HP,Intel,Core i5,11,8,LPDDR4X,512,0,Windows,0,Yes,No,5,97990
ASUS,Intel,Core i5,9,8,DDR4,512,0,Windows,4,No,Yes,4,54990
Lenovo,Intel,Core i5,11,8,DDR4,512,0,Windows,0,No,Yes,4,59990
Lenovo,Intel,Core i5,11,8,DDR4,512,0,Windows,0,No,Yes,4,53990
HP,Intel,Core i5,11,16,DDR4,512,0,Windows,0,No,Yes,4,66999
acer,Intel,Core i5,11,8,LPDDR4X,512,0,Windows,0,No,Yes,4,60990
ASUS,Intel,Core i5,10,8,DDR4,512,0,Windows,0,No,Yes,4,47990
HP,Intel,Core i5,11,8,DDR4,512,0,Windows,0,No,Yes,4,59999
DELL,Intel,Core i5,10,16,DDR4,512,0,Windows,4,No,No,3,79990
ASUS,Intel,Core i5,10,8,DDR4,512,0,Windows,4,No,No,3,63990
HP,Intel,Core i5,11,8,DDR4,512,0,Windows,0,No,Yes,4,63990
ASUS,Intel,Core i5,11,16,DDR4,512,0,Windows,0,No,No,3,59990
Lenovo,Intel,Core i5,11,8,DDR4,512,0,Windows,0,No,No,3,55990
ASUS,Intel,Core i5,11,16,DDR4,512,0,Windows,0,No,No,3,59990
HP,Intel,Core i5,11,8,DDR4,512,0,Windows,0,No,Yes,4,63990
DELL,Intel,Core i5,11,16,DDR4,512,0,Windows,2,No,Yes,3,69490
DELL,Intel,Core i5,11,16,DDR4,512,0,Windows,0,Yes,Yes,3,89390
ASUS,Intel,Core i5,11,8,LPDDR4X,512,0,Windows,0,No,No,3,74990
Lenovo,Intel,Core i5,11,8,DDR4,512,0,Windows,0,Yes,Yes,4,64990
Lenovo,Intel,Core i5,10,8,DDR4,512,0,Windows,4,No,Yes,4,66490
DELL,Intel,Core i5,11,16,DDR4,512,0,Windows,2,No,Yes,3,89702
Lenovo,Intel,Core i5,11,16,DDR4,512,0,Windows,2,No,Yes,4,70990
ASUS,Intel,Core i5,11,16,DDR4,512,0,Windows,0,Yes,Yes,3,58990
Lenovo,Intel,Core i5,10,8,DDR4,512,0,Windows,2,No,Yes,3,57500
DELL,Intel,Core i5,11,8,DDR4,512,0,Windows,2,Yes,Yes,4,79990
MSI,Intel,Core i5,10,8,DDR4,512,0,Windows,0,No,No,4,56541
ASUS,Intel,Core i5,11,16,DDR4,512,0,Windows,0,No,No,3,59990
Lenovo,Intel,Core i5,11,16,DDR4,512,0,Windows,0,No,Yes,4,64990
DELL,Intel,Core i5,11,8,DDR4,512,0,Windows,0,No,No,3,61290
Lenovo,Intel,Core i5,11,8,DDR4,512,0,Windows,0,No,Yes,4,54990
Lenovo,Intel,Core i5,11,8,DDR4,512,0,Windows,0,No,Yes,4,59990
ASUS,Intel,Core i5,11,8,DDR4,512,0,Windows,6,No,No,5,84990
HP,Intel,Core i5,11,8,DDR4,512,0,Windows,0,No,Yes,4,72500
Lenovo,Intel,Core i5,11,8,DDR4,512,0,Windows,4,No,No,3,59990
Lenovo,Intel,Core i5,11,8,DDR4,512,0,Windows,0,Yes,Yes,4,87990
HP,Intel,Core i5,11,8,DDR4,512,0,Windows,0,No,No,4,57990
DELL,Intel,Core i5,11,8,DDR4,512,0,Windows,0,No,Yes,4,69490
Lenovo,Intel,Core i5,11,8,DDR4,512,0,Windows,0,Yes,Yes,4,68990
Lenovo,Intel,Core i5,11,8,DDR4,512,0,Windows,0,No,Yes,4,77990
ASUS,Intel,Core i5,11,8,LPDDR4X,512,0,Windows,0,Yes,No,4,105990
MSI,Intel,Core i5,11,8,LPDDR4X,512,0,Windows,0,No,No,3,79990
DELL,Intel,Core i5,11,8,DDR4,512,0,Windows,0,No,Yes,4,55490
Lenovo,Intel,Core i5,11,8,DDR4,512,0,Windows,0,No,Yes,4,69990
ASUS,Intel,Core i5,11,8,DDR4,512,0,Windows,0,Yes,Yes,4,84990
DELL,Intel,Core i5,11,8,DDR4,512,0,Windows,0,No,No,3,59990
DELL,Intel,Core i5,10,8,LPDDR4X,512,0,Windows,0,No,Yes,3,111890
DELL,Intel,Core i5,11,8,DDR4,512,0,Windows,2,No,No,4,65990
ASUS,Intel,Core i5,11,8,LPDDR4X,512,0,Windows,0,No,Yes,4,72990
DELL,Intel,Core i5,11,8,DDR4,512,0,Windows,0,No,Yes,4,71090
MSI,Intel,Core i5,11,8,DDR4,512,0,Windows,4,No,No,3,74990
ASUS,Intel,Core i5,10,8,LPDDR3,512,0,Windows,0,No,Yes,4,79990
MSI,Intel,Core i5,11,8,DDR4,512,0,Windows,0,No,No,4,55490
DELL,Intel,Core i5,11,8,DDR4,512,0,Windows,2,No,Yes,4,66490
ASUS,Intel,Core i5,11,8,DDR4,512,0,Windows,0,No,Yes,4,53400
DELL,Intel,Core i5,11,8,DDR4,512,0,Windows,0,Yes,Yes,4,74500
DELL,Intel,Core i5,11,8,LPDDR4X,512,0,Windows,0,No,Yes,3,114990
DELL,Intel,Core i5,11,8,DDR4,512,0,Windows,2,No,No,4,61990
APPLE,Intel,Core i5,10,8,LPDDR4X,512,0,Mac,0,No,No,4,159990
APPLE,Intel,Core i5,8,8,DDR3,512,0,Mac,0,No,No,4,172090
MSI,Intel,Core i5,11,8,DDR4,512,0,Windows,4,No,No,3,74990
MSI,Intel,Core i5,10,8,DDR4,512,0,Windows,0,No,No,4,56490
Lenovo,Intel,Core i5,10,8,DDR4,512,0,Windows,0,No,No,3,147000
Lenovo,Intel,Core i5,11,8,DDR4,512,0,Windows,0,No,Yes,4,55990
HP,Intel,Core i5,11,8,DDR4,512,0,Windows,4,No,Yes,3,77990
HP,Intel,Core i5,10,8,DDR4,512,0,Windows,4,No,Yes,4,106490
Lenovo,Intel,Core i5,11,8,DDR4,512,0,Windows,2,No,Yes,4,70990
Lenovo,Intel,Core i5,11,8,DDR4,512,0,Windows,0,No,Yes,4,64990
acer,Intel,Core i5,11,8,DDR4,512,0,Windows,0,No,No,3,57990
ASUS,Intel,Core i5,10,8,DDR4,512,0,Windows,4,No,No,4,64990
MSI,Intel,Core i5,10,8,DDR4,512,0,Windows,0,No,No,4,54990
HP,Intel,Core i5,11,8,LPDDR4X,512,0,Windows,0,Yes,No,3,111999
Lenovo,Intel,Core i5,10,8,LPDDR4X,512,0,Windows,2,No,Yes,4,70798
Lenovo,Intel,Core i5,9,8,DDR4,512,0,Windows,4,No,No,3,59990
acer,Intel,Core i5,8,8,DDR4,512,0,Windows,4,No,No,3,99500
HP,Intel,Core i5,10,8,DDR4,512,0,Windows,0,No,Yes,4,55990
ASUS,Intel,Core i5,8,8,LPDDR3,512,0,Windows,0,No,No,4,72990
acer,Intel,Core i5,8,8,DDR3,512,0,Windows,0,No,No,3,64990
ASUS,Intel,Core i5,11,8,DDR4,512,0,Windows,0,No,No,3,57990
HP,Intel,Core i5,11,8,DDR4,512,0,Windows,2,Yes,Yes,4,76990
Lenovo,Intel,Core i5,11,8,DDR4,512,0,Windows,0,No,Yes,4,62998
DELL,Intel,Core i5,11,8,DDR4,512,0,Windows,0,Yes,Yes,4,77990
HP,Intel,Core i5,10,8,DDR4,512,0,Windows,0,Yes,Yes,4,114990
DELL,Intel,Core i5,10,8,DDR4,512,0,Windows,2,No,Yes,3,65990
DELL,Intel,Core i5,11,8,DDR4,512,0,Windows,2,No,Yes,3,88990
Lenovo,Intel,Core i5,10,8,DDR4,512,0,Windows,0,No,No,3,113590
ASUS,Intel,Core i5,11,8,LPDDR4X,512,0,Windows,0,Yes,Yes,4,73990
HP,Intel,Core i5,11,8,DDR4,512,0,Windows,0,No,Yes,4,61000
ASUS,Intel,Core i5,11,8,LPDDR4X,512,0,Windows,0,Yes,No,4,99990
Lenovo,Intel,Core i5,11,8,DDR4,512,0,Windows,0,No,Yes,4,67990
DELL,Intel,Core i5,11,8,DDR4,512,0,Windows,0,Yes,Yes,4,70799
Lenovo,Intel,Core i5,11,8,DDR4,512,0,Windows,0,No,Yes,4,65990
ASUS,Intel,Core i5,8,8,DDR4,512,0,Windows,0,No,No,4,53690
MSI,Intel,Core i5,11,8,DDR4,512,0,Windows,0,No,No,3,55990
ASUS,Intel,Core i5,11,8,DDR4,512,0,Windows,0,No,Yes,4,53190
Lenovo,Intel,Core i5,10,8,DDR4,512,0,Windows,2,No,Yes,4,58999
DELL,Intel,Core i5,11,8,DDR4,512,0,Windows,2,No,No,3,71990
HP,Intel,Core i5,11,8,DDR4,512,0,Windows,4,No,No,3,82000
ASUS,Intel,Core i5,11,8,LPDDR4X,512,0,Windows,0,No,No,3,84990
Lenovo,Intel,Core i5,11,8,DDR4,512,0,Windows,2,No,No,3,89998
ASUS,Intel,Core i5,11,8,LPDDR4X,512,0,Windows,0,Yes,No,3,99990
ASUS,Intel,Core i5,11,8,LPDDR4X,512,0,Windows,0,No,No,3,84990
Lenovo,Intel,Core i5,10,8,DDR4,512,0,Windows,4,No,No,4,69899
DELL,Intel,Core i5,10,8,DDR4,512,0,Windows,4,No,No,3,79990
DELL,Intel,Core i5,10,8,DDR4,512,0,Windows,4,No,No,4,76300
Lenovo,Intel,Core i5,10,8,DDR4,512,0,Windows,0,No,Yes,3,55999
DELL,Intel,Core i5,11,8,DDR4,512,0,Windows,0,No,No,3,72900
DELL,Intel,Core i5,11,8,DDR4,512,0,Windows,0,Yes,Yes,4,73990
ASUS,Intel,Core i5,11,8,LPDDR4,512,0,Windows,0,No,No,3,84990
DELL,Intel,Core i5,11,8,DDR4,512,0,Windows,2,No,No,3,73519
HP,Intel,Core i5,10,8,DDR4,512,0,Windows,0,Yes,No,5,126000
ASUS,Intel,Core i5,11,8,DDR4,512,0,Windows,6,No,No,3,88990
HP,Intel,Core i5,11,8,DDR4,512,0,Windows,0,Yes,Yes,3,114999
DELL,Intel,Core i5,11,8,DDR4,512,0,Windows,2,Yes,Yes,4,82990
acer,Intel,Core i5,11,8,DDR4,512,0,Windows,0,Yes,No,3,109999
Lenovo,Intel,Core i5,11,8,DDR4,512,0,Windows,0,Yes,Yes,3,82990
DELL,Intel,Core i5,11,8,DDR4,512,0,Windows,2,Yes,Yes,4,79990
ASUS,Intel,Core i5,11,8,LPDDR4X,512,0,Windows,0,Yes,No,3,114990
HP,Intel,Core i5,11,8,LPDDR4X,512,0,Windows,0,Yes,No,3,129999
MSI,Intel,Core i5,8,8,DDR5,512,0,Windows,6,No,No,4,149990
DELL,Intel,Core i5,11,8,DDR4,512,0,Windows,2,No,No,3,71290
DELL,Intel,Core i5,10,8,DDR4,512,0,Windows,0,No,Yes,4,79500
DELL,Intel,Core i5,10,8,DDR4,512,0,Windows,2,No,Yes,3,82990
DELL,Intel,Core i5,11,8,DDR4,512,0,Windows,2,No,Yes,4,70980
ASUS,Intel,Core i5,11,8,LPDDR4X,512,0,Windows,0,Yes,No,3,99990
HP,Intel,Core i5,11,8,DDR4,512,0,Windows,0,No,No,3,94000
DELL,Intel,Core i5,11,8,DDR4,512,0,Windows,2,Yes,No,4,82990
MSI,Intel,Core i5,11,8,LPDDR4X,512,0,Windows,0,No,No,4,79990
ASUS,Intel,Core i5,8,8,DDR4,512,0,Windows,0,No,No,3,85990
ASUS,Intel,Core i5,10,8,DDR4,512,0,Windows,2,No,No,3,86990
ASUS,Intel,Core i5,10,8,LPDDR3,512,0,Windows,2,No,Yes,5,105990
ASUS,Intel,Core i5,10,8,LPDDR3,512,0,Windows,0,No,No,3,84990
Lenovo,Intel,Core i5,8,8,DDR4,512,0,Windows,2,No,Yes,4,59999
Lenovo,Intel,Core i5,11,8,DDR4,512,0,Windows,0,No,Yes,4,91999
DELL,Intel,Core i5,11,8,DDR4,512,0,Windows,0,Yes,Yes,3,78900
ASUS,Intel,Core i5,10,8,LPDDR3,512,0,Windows,0,No,No,3,132790
Lenovo,Intel,Core i5,11,8,DDR4,512,0,Windows,4,No,No,3,60990
Avita,Intel,Core i5,7,8,DDR4,512,0,Windows,0,No,No,3,65556
DELL,Intel,Core i5,11,16,DDR4,512,0,Windows,0,No,No,3,70190
DELL,Intel,Core i5,11,8,DDR4,512,0,Windows,2,Yes,No,3,79590
Avita,Intel,Core i5,7,8,DDR4,512,0,Windows,0,No,No,3,65556
ASUS,Intel,Core i5,11,8,DDR4,512,0,Windows,4,No,No,3,76990
Avita,Intel,Core i5,7,8,DDR4,512,0,Windows,0,No,No,3,65556
Avita,Intel,Core i5,8,8,DDR4,512,0,Windows,0,No,No,3,44990
ASUS,Intel,Core i5,11,8,DDR4,512,0,Windows,0,Yes,Yes,3,84990
Lenovo,Intel,Core i5,10,8,DDR4,512,0,Windows,2,Yes,Yes,4,86999
HP,Intel,Core i5,11,16,DDR4,512,0,Windows,2,No,No,4,78000
Avita,Intel,Core i5,8,8,DDR4,512,0,Windows,0,No,No,3,73063
Avita,Intel,Core i5,8,8,DDR4,512,0,Windows,0,No,No,3,73063
HP,Intel,Core i5,11,16,DDR4,512,0,Windows,4,No,Yes,3,100990
Lenovo,Intel,Core i5,8,8,DDR4,512,0,Windows,0,No,Yes,3,74990
ASUS,Intel,Core i5,10,8,DDR4,512,0,Windows,4,No,No,4,75990
Lenovo,Intel,Core i5,11,8,DDR4,512,0,Windows,2,No,Yes,3,84086
ASUS,Intel,Core i5,11,8,DDR4,1024,0,Windows,4,No,No,4,75990
ASUS,Intel,Core i5,11,8,DDR4,1024,0,Windows,4,No,Yes,4,77990
ASUS,Intel,Core i5,10,8,DDR4,1024,0,Windows,4,No,No,4,77990
APPLE,Intel,Core i5,10,16,LPDDR4X,1024,0,Mac,0,No,No,4,179990
APPLE,Intel,Core i5,10,16,LPDDR4X,1024,0,Mac,0,No,No,4,179990
ASUS,Intel,Core i5,10,8,DDR4,1024,0,Windows,4,No,No,4,82990
ASUS,Intel,Core i5,11,8,DDR4,1024,0,Windows,4,No,No,3,87990
ASUS,Intel,Core i5,11,8,DDR4,1024,0,Windows,4,No,No,4,84500
DELL,Intel,Core i5,11,8,LPDDR4X,1024,0,Windows,0,No,No,4,74190
Lenovo,Intel,Core i5,11,8,DDR4,1024,0,Windows,0,No,Yes,3,64990
Lenovo,Intel,Core i5,10,8,DDR4,512,512,Windows,0,Yes,No,3,155411
Lenovo,Intel,Core i5,10,8,DDR4,512,512,Windows,0,Yes,No,3,125394
acer,Intel,Core i5,11,8,DDR4,0,1024,Windows,0,No,No,3,49990
acer,Intel,Core i5,11,8,DDR4,0,1024,Windows,0,No,No,3,46990
DELL,Intel,Core i5,11,8,DDR4,0,1024,Windows,0,No,Yes,3,48990
acer,Intel,Core i5,8,8,DDR4,0,1024,Windows,2,No,Yes,4,59999
ASUS,Intel,Core i5,10,8,DDR4,0,1024,Windows,0,No,No,4,46990
MSI,Intel,Core i5,10,8,DDR4,0,1024,Windows,4,No,No,4,52990
Lenovo,Intel,Core i5,7,8,DDR4,0,1024,Windows,2,No,No,3,57999
Lenovo,Intel,Core i5,4,8,DDR3,0,1024,Windows,0,No,No,3,52490
Lenovo,Intel,Core i5,8,8,DDR4,0,1024,Windows,4,No,No,4,56990
acer,Intel,Core i5,8,8,DDR4,0,1024,Windows,2,No,No,4,61990
DELL,Intel,Core i5,11,8,DDR4,0,1024,Windows,0,No,No,3,58090
ASUS,Intel,Core i5,10,8,DDR4,0,1024,Windows,0,No,No,3,56990
acer,Intel,Core i5,8,8,DDR4,0,1024,Windows,0,No,No,3,61597
ASUS,Intel,Core i5,8,8,DDR4,0,1024,Windows,0,No,No,3,81990
ASUS,Intel,Core i5,10,8,DDR4,0,1024,Windows,0,No,No,3,61249
DELL,Intel,Core i5,11,8,DDR4,0,1024,Windows,0,No,No,3,58990
ASUS,Intel,Core i5,10,8,DDR4,0,1024,Windows,2,No,No,3,83990
MSI,Intel,Core i5,10,8,LPDDR4,0,512,DOS,6,No,No,4,291190
MSI,Intel,Core i5,10,8,LPDDR4,0,512,DOS,6,No,No,4,145990
MSI,Intel,Core i5,10,8,LPDDR4,0,512,DOS,8,No,No,4,179990
HP,Intel,Core i5,8,8,DDR4,0,1024,Windows,2,No,Yes,4,64990
HP,Intel,Core i5,8,8,DDR4,0,1024,Windows,0,No,No,4,46790
HP,Intel,Core i5,7,4,DDR4,0,1024,Windows,0,No,No,4,44599
acer,Intel,Core i5,8,8,DDR4,0,1024,Windows,2,No,No,4,72964
HP,Intel,Core i5,10,8,DDR4,0,1024,Windows,0,No,Yes,3,48790
acer,Intel,Core i5,10,8,DDR4,0,1024,Windows,2,No,No,3,56491
ASUS,Intel,Core i5,11,8,DDR4,256,1024,Windows,0,No,Yes,4,50990
ASUS,Intel,Core i5,10,8,DDR4,256,1024,Windows,4,No,No,4,55990
acer,Intel,Core i5,11,8,DDR4,256,1024,Windows,0,No,No,4,57990
ASUS,Intel,Core i5,11,8,DDR4,256,1024,Windows,0,No,No,3,52990
DELL,Intel,Core i5,11,8,DDR4,256,1024,Windows,0,No,No,4,57990
acer,Intel,Core i5,11,8,DDR4,256,1024,Windows,0,No,No,4,56990
acer,Intel,Core i5,11,8,DDR4,256,1024,Windows,0,No,No,3,55490
DELL,Intel,Core i5,11,8,DDR4,256,1024,Windows,2,No,No,3,62490
ASUS,Intel,Core i5,11,16,DDR4,256,1024,Windows,0,No,No,4,64990
Lenovo,Intel,Core i5,11,8,DDR4,256,1024,Windows,2,No,Yes,4,59990
ASUS,Intel,Core i5,11,8,DDR4,256,1024,Windows,2,No,Yes,4,60190
ASUS,Intel,Core i5,9,8,DDR4,256,1024,Windows,4,No,No,4,54490
Lenovo,Intel,Core i5,9,8,DDR4,256,1024,Windows,4,No,Yes,4,60990
DELL,Intel,Core i5,11,4,DDR4,256,1024,Windows,0,No,Yes,4,55790
ASUS,Intel,Core i5,11,16,DDR4,256,1024,Windows,0,No,Yes,4,64990
ASUS,Intel,Core i5,11,16,DDR4,256,1024,Windows,0,No,No,4,58990
DELL,Intel,Core i5,11,8,DDR4,256,1024,Windows,0,No,Yes,3,54990
HP,Intel,Core i5,11,8,DDR4,256,1024,Windows,4,No,Yes,4,71990
DELL,Intel,Core i5,11,8,DDR4,256,1024,Windows,2,No,No,3,69900
Lenovo,Intel,Core i5,11,8,DDR4,256,1024,Windows,2,No,Yes,4,65990
ASUS,Intel,Core i5,11,8,DDR4,256,1024,Windows,0,No,No,3,49990
DELL,Intel,Core i5,11,8,DDR4,256,1024,Windows,0,No,Yes,4,58990
Lenovo,Intel,Core i5,10,8,DDR4,256,1024,Windows,4,No,No,4,74590
ASUS,Intel,Core i5,10,8,DDR4,256,1024,Windows,2,No,No,5,58990
ASUS,Intel,Core i5,11,8,DDR4,256,1024,Windows,0,No,No,3,64990
DELL,Intel,Core i5,11,8,DDR4,256,1024,Windows,2,No,No,3,66490
DELL,Intel,Core i5,10,8,DDR4,256,1024,Windows,4,No,No,4,77900
DELL,Intel,Core i5,11,8,DDR4,256,1024,Windows,2,No,No,3,67490
DELL,Intel,Core i5,11,8,DDR4,256,1024,Windows,0,No,Yes,3,61990
DELL,Intel,Core i5,11,8,DDR4,256,1024,Windows,0,No,Yes,4,58990
Lenovo,Intel,Core i5,10,8,DDR4,256,1024,Windows,4,No,No,4,74999
ASUS,Intel,Core i5,11,8,DDR4,256,1024,Windows,0,No,Yes,5,68900
DELL,Intel,Core i5,11,8,DDR4,256,1024,Windows,2,No,No,4,71695
acer,Intel,Core i5,11,16,DDR4,256,1024,Windows,0,No,No,3,62490
DELL,Intel,Core i5,8,8,DDR4,0,2048,Windows,2,No,Yes,4,62317
MSI,Intel,Core i5,10,8,LPDDR4,0,512,DOS,8,No,No,3,207290
DELL,Intel,Core i7,8,16,DDR4,256,0,Windows,4,No,Yes,4,87990
Avita,Intel,Core i7,8,8,DDR4,256,0,Windows,0,No,No,3,73990
Avita,Intel,Core i7,8,8,DDR4,256,0,Windows,0,No,No,3,73990
Avita,Intel,Core i7,8,8,DDR4,256,0,Windows,0,No,No,3,73990
Avita,Intel,Core i7,8,8,DDR4,256,0,Windows,0,No,No,3,73990
Avita,Intel,Core i7,8,8,DDR4,256,0,Windows,0,No,No,3,73990
Avita,Intel,Core i7,8,8,DDR4,256,0,Windows,0,No,No,3,73990
ASUS,Intel,Core i7,10,16,DDR4,512,0,Windows,0,No,No,4,57990
ASUS,Intel,Core i7,10,8,DDR4,512,0,Windows,4,No,No,4,61990
MSI,Intel,Core i7,10,16,DDR4,512,0,Windows,4,No,No,4,79990
Lenovo,Intel,Core i7,10,8,DDR4,512,0,Windows,4,No,Yes,4,68990
Lenovo,Intel,Core i7,11,16,DDR4,512,0,Windows,0,Yes,Yes,4,85990
Lenovo,Intel,Core i7,11,16,DDR4,512,0,Windows,4,No,Yes,4,99990
ASUS,Intel,Core i7,11,8,DDR4,512,0,Windows,0,No,Yes,4,77990
Lenovo,Intel,Core i7,11,8,DDR4,512,0,Windows,4,No,No,4,79990
HP,Intel,Core i7,11,16,DDR4,512,0,Windows,4,No,Yes,5,93190
ASUS,Intel,Core i7,11,16,LPDDR4X,512,0,Windows,0,No,Yes,3,94990
Lenovo,Intel,Core i7,11,16,DDR4,512,0,Windows,0,Yes,Yes,4,84990
MSI,Intel,Core i7,10,8,DDR4,512,0,Windows,0,No,No,4,57990
HP,Intel,Core i7,11,16,DDR4,512,0,Windows,0,Yes,Yes,4,102990
DELL,Intel,Core i7,11,16,DDR4,512,0,Windows,4,No,No,3,99990
ASUS,Intel,Core i7,11,16,DDR4,512,0,Windows,4,No,No,4,94990
HP,Intel,Core i7,11,16,DDR4,512,0,Windows,0,Yes,Yes,3,104000
MSI,Intel,Core i7,11,16,DDR4,512,0,Windows,2,No,No,3,76990
HP,Intel,Core i7,11,16,DDR4,512,0,Windows,4,No,Yes,4,90190
Lenovo,Intel,Core i7,11,16,DDR4,512,0,Windows,0,Yes,No,3,88488
MSI,Intel,Core i7,10,16,DDR4,512,0,Windows,4,No,No,4,109990
MSI,Intel,Core i7,11,16,DDR4,512,0,Windows,4,No,No,3,86990
MSI,Intel,Core i7,11,16,LPDDR4X,512,0,Windows,0,No,No,3,89990
HP,Intel,Core i7,10,16,LPDDR3,512,0,Windows,0,Yes,Yes,3,239759
ASUS,Intel,Core i7,11,16,DDR4,512,0,Windows,2,No,Yes,4,78990
DELL,Intel,Core i7,8,16,DDR3,512,0,Windows,0,No,Yes,1,121890
ASUS,Intel,Core i7,8,16,LPDDR3,512,0,Windows,0,No,No,4,85990
MSI,Intel,Core i7,11,16,DDR4,512,0,Windows,4,No,No,3,94990
HP,Intel,Core i7,11,16,DDR4,512,0,Windows,4,No,Yes,4,92000
HP,Intel,Core i7,10,16,DDR4,512,0,Windows,0,Yes,No,3,162990
DELL,Intel,Core i7,11,16,LPDDR4X,512,0,Windows,0,No,Yes,5,135300
MSI,Intel,Core i7,11,16,DDR4,512,0,Windows,0,No,No,4,64990
Lenovo,Intel,Core i7,10,16,DDR4,512,0,Windows,0,No,No,3,174527
Lenovo,Intel,Core i7,10,16,DDR4,512,0,Windows,0,No,No,3,162299
DELL,Intel,Core i7,10,16,DDR4,512,0,Windows,0,Yes,Yes,3,109190
HP,Intel,Core i7,11,16,DDR4,512,0,Windows,0,Yes,Yes,3,99999
MSI,Intel,Core i7,10,16,DDR4,512,0,Windows,2,No,No,4,104990
ASUS,Intel,Core i7,11,16,LPDDR4X,512,0,Windows,0,Yes,No,3,109990
ASUS,Intel,Core i7,8,16,DDR3,512,0,Windows,0,No,No,4,99990
Lenovo,Intel,Core i7,8,16,DDR4,512,0,Windows,2,No,No,3,244801
ASUS,Intel,Core i7,11,16,LPDDR4X,512,0,Windows,0,No,No,3,94990
Lenovo,Intel,Core i7,8,16,DDR4,512,0,Windows,0,No,Yes,3,86000
Lenovo,Intel,Core i7,10,16,DDR4,512,0,Windows,2,No,No,3,162399
HP,Intel,Core i7,11,16,DDR4,512,0,Windows,0,No,No,3,119599
Lenovo,Intel,Core i7,10,16,LPDDR3,512,0,Windows,0,No,No,3,211753
Lenovo,Intel,Core i7,11,16,DDR4,512,0,Windows,0,No,No,3,110999
DELL,Intel,Core i7,11,16,DDR4,512,0,Windows,4,No,No,3,99990
ASUS,Intel,Core i7,8,8,LPDDR3,512,0,Windows,0,No,No,4,81990
MSI,Intel,Core i7,9,8,DDR4,512,0,Windows,4,No,No,4,66990
MSI,Intel,Core i7,10,16,DDR4,1024,0,Windows,6,No,No,4,84990
ASUS,Intel,Core i7,11,16,LPDDR4X,1024,0,Windows,2,Yes,Yes,3,104990
ASUS,Intel,Core i7,11,16,LPDDR4X,1024,0,Windows,0,Yes,No,3,134990
ASUS,Intel,Core i7,11,16,DDR4,1024,0,Windows,4,No,No,4,98990
HP,Intel,Core i7,10,16,DDR4,1024,0,Windows,6,No,Yes,4,144690
ASUS,Intel,Core i7,11,16,LPDDR4X,1024,0,Windows,0,No,No,3,99990
MSI,Intel,Core i7,11,16,DDR4,1024,0,Windows,6,No,No,4,119990
ASUS,Intel,Core i7,11,16,DDR4,1024,0,Windows,4,No,No,3,194990
ASUS,Intel,Core i7,10,16,LPDDR3,1024,0,Windows,2,No,Yes,4,124990
DELL,Intel,Core i7,11,16,DDR4,1024,0,Windows,2,No,No,3,122410
HP,Intel,Core i7,10,16,DDR4,1024,0,Windows,0,Yes,No,4,179990
MSI,Intel,Core i7,11,16,DDR4,1024,0,Windows,4,Yes,No,4,154990
Lenovo,Intel,Core i7,11,16,LPDDR4X,1024,0,Windows,0,No,Yes,3,122990
ASUS,Intel,Core i7,10,16,DDR4,1024,0,Windows,6,Yes,No,4,224990
MSI,Intel,Core i7,12,16,DDR5,1024,0,Windows,8,No,No,3,279990
HP,Intel,Core i7,11,16,DDR4,1024,0,Windows,4,No,No,3,121990
HP,Intel,Core i7,11,16,DDR4,1024,0,Windows,4,No,No,3,116990
Lenovo,Intel,Core i7,11,16,DDR4,1024,0,Windows,6,No,No,4,151098
MSI,Intel,Core i7,11,16,DDR4,1024,0,Windows,8,No,No,4,129990
HP,Intel,Core i7,11,16,LPDDR4X,1024,0,Windows,0,Yes,No,3,149999
MSI,Intel,Core i7,12,16,DDR4,1024,0,Windows,6,No,No,4,139990
acer,Intel,Core i7,11,16,DDR4,1024,0,Windows,6,No,No,4,129990
HP,Intel,Core i7,11,16,DDR4,1024,0,Windows,8,No,Yes,3,171990
DELL,Intel,Core i7,11,16,DDR4,1024,0,Windows,2,No,Yes,4,93955
ASUS,Intel,Core i7,10,16,DDR4,1024,0,Windows,8,No,No,3,234990
HP,Intel,Core i7,11,16,LPDDR4X,1024,0,Windows,0,Yes,Yes,3,128500
Lenovo,Intel,Core i7,11,16,DDR4,1024,0,Windows,0,Yes,Yes,4,102990
ASUS,Intel,Core i7,11,16,LPDDR4X,1024,0,Windows,0,Yes,No,4,119990
ASUS,Intel,Core i7,11,16,DDR4,1024,0,Windows,6,No,No,3,120980
ASUS,Intel,Core i7,11,16,DDR4,1024,0,Windows,6,No,No,4,157249
Lenovo,Intel,Core i7,9,16,DDR4,1024,0,Windows,4,No,No,3,229900
ASUS,Intel,Core i7,11,16,DDR4,1024,0,Windows,6,No,No,3,131500
ASUS,Intel,Core i7,10,16,LPDDR3,1024,0,Windows,0,No,No,5,154990
ASUS,Intel,Core i7,10,16,LPDDR3,1024,0,Windows,0,No,No,3,165990
Lenovo,Intel,Core i7,10,16,LPDDR4X,1024,0,Windows,0,No,No,2,119990
ASUS,Intel,Core i7,10,16,LPDDR3,1024,0,Windows,0,No,No,3,167990
HP,Intel,Core i7,11,16,LPDDR4X,1024,0,Windows,0,Yes,No,3,165000
Avita,Intel,Core i7,10,16,DDR4,1024,0,Windows,0,No,No,3,62990
Lenovo,Intel,Core i7,11,16,LPDDR4,1024,0,Windows,0,No,Yes,3,85990
HP,Intel,Core i7,11,16,DDR4,1024,0,Windows,2,No,Yes,3,94990
HP,Intel,Core i7,11,16,DDR4,1024,0,Windows,6,No,Yes,3,136990
Lenovo,Intel,Core i7,10,16,DDR4,1024,0,Windows,8,No,Yes,3,234990
acer,Intel,Core i7,10,16,DDR4,2048,0,Windows,8,No,No,3,159990
ASUS,Intel,Core i7,10,16,LPDDR3,2048,0,Windows,0,No,No,3,233990
ASUS,Intel,Core i7,10,16,DDR4,0,1024,Windows,2,No,No,3,93990
HP,Intel,Core i7,8,16,DDR4,128,1024,Windows,4,No,No,3,116941
MSI,Intel,Core i7,10,8,DDR4,256,1024,Windows,4,No,No,4,63990
ASUS,Intel,Core i7,10,16,DDR4,256,1024,Windows,4,No,No,4,66990
ASUS,Intel,Core i7,11,16,DDR4,256,1024,Windows,0,No,No,3,82500
acer,Intel,Core i7,10,16,DDR4,256,1024,Windows,6,No,No,4,119990
MSI,Intel,Core i7,10,16,DDR4,256,1024,Windows,4,No,No,3,159990
ASUS,Intel,Core i7,8,16,DDR4,256,1024,Windows,0,No,No,3,98912
acer,Intel,Core i7,11,16,DDR4,512,1024,Windows,4,No,No,4,92990
acer,Intel,Core i7,11,16,DDR4,512,1024,Windows,6,No,No,4,119990
acer,Intel,Core i9,11,32,DDR4,1024,0,Windows,8,No,No,3,169990
acer,Intel,Core i9,11,16,DDR4,1024,0,Windows,6,No,No,3,139990
MSI,Intel,Core i9,11,16,DDR4,1024,0,Windows,6,No,No,3,192990
ASUS,Intel,Core i9,12,16,DDR5,1024,0,Windows,6,No,No,3,299990
ASUS,Intel,Core i9,10,16,DDR4,1024,0,Windows,6,Yes,No,4,269990
ASUS,Intel,Core i9,11,16,DDR4,1024,0,Windows,6,No,No,3,139990
Lenovo,Intel,Core i9,10,16,DDR4,1024,0,Windows,8,No,No,3,265998
ASUS,Intel,Core i9,11,16,DDR4,3072,0,Windows,6,No,No,5,441990
MSI,Intel,Core i5,10,8,LPDDR4,0,512,DOS,4,No,No,4,86990
MSI,Intel,Core i5,10,8,LPDDR4,0,512,DOS,6,No,No,4,109990
MSI,Intel,Core i5,10,8,LPDDR4,0,512,DOS,4,No,No,4,109590
ASUS,Intel,Core i7,10,16,LPDDR4X,0,512,DOS,6,No,No,3,146490
APPLE,M1,M1,10,8,DDR4,256,0,Mac,0,No,No,4,85990
APPLE,M1,M1,10,8,DDR4,256,0,Mac,0,No,No,4,112990
APPLE,M1,M1,10,16,DDR4,256,0,Mac,0,No,No,4,104990
APPLE,M1,M1,10,8,DDR4,256,0,Mac,0,No,No,4,112990
APPLE,M1,M1,10,16,DDR4,256,0,Mac,0,No,No,4,132990
APPLE,M1,M1,10,16,DDR4,256,0,Mac,0,No,No,4,104990
APPLE,M1,M1,10,8,DDR4,256,0,Mac,0,No,No,4,85990
APPLE,M1,M1,10,16,DDR4,512,0,Mac,0,No,No,4,149990
APPLE,M1,M1,10,8,DDR4,512,0,Mac,0,No,No,4,125990
APPLE,M1,M1,10,8,DDR4,512,0,Mac,0,No,No,4,103990
APPLE,M1,M1,10,8,DDR4,512,0,Mac,0,No,No,4,101990
APPLE,M1,M1,10,8,DDR4,512,0,Mac,0,No,No,4,104990
APPLE,M1,M1,10,8,DDR4,512,0,Mac,0,No,No,4,131990
APPLE,M1,M1,10,16,DDR4,512,0,Mac,0,No,No,4,128990
APPLE,M1,M1,10,16,DDR4,512,0,Mac,0,No,No,4,184990
APPLE,M1,M1,10,16,DDR4,512,0,Mac,0,No,No,4,225990
APPLE,M1,M1,10,4,DDR4,512,0,Mac,0,No,No,4,124990
APPLE,M1,M1,10,8,DDR4,512,0,Mac,0,No,No,4,104990
APPLE,M1,M1,10,8,DDR4,1024,0,Mac,0,No,No,4,149990
APPLE,M1,M1,10,16,DDR4,1024,0,Mac,0,No,No,4,169990
APPLE,M1,M1,10,16,DDR4,1024,0,Mac,0,No,No,4,225990
APPLE,M1,M1,10,16,DDR4,1024,0,Mac,0,No,No,4,243990
APPLE,M1,M1,10,32,DDR4,1024,0,Mac,0,No,No,5,309990
APPLE,M1,M1,10,16,DDR4,1024,0,Mac,0,No,No,4,225990
ASUS,Intel,Pentium Quad,11,4,LPDDR4X,0,512,Windows,0,No,No,3,45990
ASUS,Intel,Pentium Quad,11,4,DDR4,128,0,Windows,0,Yes,No,3,58100
ASUS,Intel,Pentium Quad,11,8,LPDDR4X,256,0,Windows,0,Yes,No,3,62990
HP,Intel,Pentium Quad,11,8,DDR4,256,0,Windows,0,No,Yes,4,32990
ASUS,Intel,Pentium Quad,11,4,DDR4,256,0,Windows,0,No,Yes,4,33990
acer,Intel,Pentium Quad,11,4,DDR4,256,0,Windows,0,No,No,4,30990
DELL,Intel,Pentium Quad,11,4,DDR4,256,0,Windows,0,No,No,4,36000
ASUS,Intel,Pentium Quad,11,4,DDR4,256,0,Windows,0,No,Yes,4,32990
DELL,Intel,Pentium Quad,11,4,DDR4,256,0,Windows,0,No,No,3,35990
ASUS,Intel,Pentium Quad,11,4,LPDDR4,0,1024,Windows,0,No,No,3,27990
ASUS,Intel,Pentium Quad,11,4,DDR4,0,1024,Windows,0,No,No,3,25990
ASUS,Intel,Pentium Quad,11,4,DDR4,0,1024,Windows,0,No,No,3,25990
ASUS,Intel,Pentium Quad,11,4,DDR4,0,1024,Windows,0,No,No,3,30780
HP,AMD,Ryzen 3,11,8,DDR4,256,0,Windows,0,No,No,4,37990
ASUS,AMD,Ryzen 3,11,8,DDR4,256,0,Windows,0,No,No,4,35990
DELL,AMD,Ryzen 3,11,8,DDR4,256,0,Windows,0,No,No,4,39490
DELL,AMD,Ryzen 3,11,8,DDR4,256,0,Windows,0,No,No,4,36990
DELL,AMD,Ryzen 3,11,8,DDR4,256,0,Windows,0,No,No,4,39990
ASUS,AMD,Ryzen 3,11,4,DDR4,256,0,Windows,0,No,No,4,33690
DELL,AMD,Ryzen 3,11,8,DDR4,256,0,Windows,0,No,No,3,40590
ASUS,AMD,Ryzen 3,11,4,DDR4,256,0,Windows,0,No,No,4,37990
ASUS,AMD,Ryzen 3,11,4,DDR4,256,0,Windows,0,No,Yes,4,34500
acer,AMD,Ryzen 3,11,8,DDR4,512,0,Windows,0,No,No,4,36990
HP,AMD,Ryzen 3,11,8,DDR4,512,0,Windows,0,No,No,4,43490
HP,AMD,Ryzen 3,11,8,DDR4,512,0,Windows,0,No,Yes,4,41490
acer,AMD,Ryzen 3,11,4,DDR4,512,0,Windows,0,No,No,3,34990
HP,AMD,Ryzen 3,11,4,DDR4,512,0,Windows,0,No,Yes,4,44490
DELL,AMD,Ryzen 3,11,4,DDR4,512,0,Windows,0,No,No,3,40590
DELL,AMD,Ryzen 3,11,8,DDR4,512,0,Windows,0,No,No,3,42090
DELL,AMD,Ryzen 3,11,8,DDR4,0,1024,Windows,0,No,Yes,4,35990
HP,AMD,Ryzen 3,11,8,DDR4,0,1024,Windows,0,No,Yes,4,39490
DELL,AMD,Ryzen 3,11,8,DDR4,0,1024,Windows,0,No,No,4,37390
DELL,AMD,Ryzen 3,11,4,DDR4,0,1024,Windows,0,No,Yes,3,52632
DELL,AMD,Ryzen 3,11,4,DDR4,0,1024,Windows,0,No,Yes,4,39990
DELL,AMD,Ryzen 3,11,4,DDR4,0,1024,Windows,0,No,No,3,43990
HP,AMD,Ryzen 3,11,4,DDR4,0,1024,Windows,0,No,No,4,32917
Lenovo,AMD,Ryzen 3,11,4,DDR4,0,1024,Windows,0,No,No,3,34990
DELL,AMD,Ryzen 3,11,8,DDR4,0,1024,Windows,0,No,No,3,39990
HP,AMD,Ryzen 3,11,8,DDR4,256,1024,Windows,0,No,Yes,4,41999
DELL,AMD,Ryzen 5,11,8,DDR4,256,0,Windows,0,No,Yes,4,41990
DELL,AMD,Ryzen 5,11,8,DDR4,256,0,Windows,0,No,No,4,44490
DELL,AMD,Ryzen 5,11,8,DDR4,256,0,Windows,0,No,Yes,4,41990
DELL,AMD,Ryzen 5,11,8,DDR4,256,0,Windows,0,No,Yes,4,44490
MSI,AMD,Ryzen 5,11,4,DDR4,256,0,Windows,0,No,No,3,49990
DELL,AMD,Ryzen 5,11,4,DDR4,256,0,Windows,0,No,No,4,44390
HP,AMD,Ryzen 5,11,8,DDR4,512,0,Windows,4,No,No,4,57990
Lenovo,AMD,Ryzen 5,11,8,DDR4,512,0,Windows,4,No,Yes,4,56990
Lenovo,AMD,Ryzen 5,11,8,DDR4,512,0,Windows,0,No,No,4,48990
HP,AMD,Ryzen 5,11,8,DDR4,512,0,Windows,0,No,Yes,4,49970
MSI,AMD,Ryzen 5,11,8,DDR4,512,0,Windows,0,No,No,4,47990
HP,AMD,Ryzen 5,11,8,DDR4,512,0,Windows,0,No,Yes,4,48990
acer,AMD,Ryzen 5,11,8,LPDDR4X,512,0,Windows,0,No,No,4,53990
Lenovo,AMD,Ryzen 5,11,8,DDR4,512,0,Windows,0,No,Yes,4,52990
acer,AMD,Ryzen 5,11,8,DDR4,512,0,Windows,0,No,No,3,43990
Lenovo,AMD,Ryzen 5,11,8,DDR4,512,0,Windows,4,No,No,4,59490
MSI,AMD,Ryzen 5,11,8,DDR4,512,0,Windows,4,No,No,4,64990
DELL,AMD,Ryzen 5,11,8,DDR4,512,0,Windows,0,No,No,2,47490
HP,AMD,Ryzen 5,11,8,DDR4,512,0,Windows,4,No,No,4,59990
Lenovo,AMD,Ryzen 5,11,8,DDR4,512,0,Windows,4,No,No,4,69990
HP,AMD,Ryzen 5,11,8,DDR4,512,0,Windows,4,No,No,4,58990
DELL,AMD,Ryzen 5,11,8,DDR4,512,0,Windows,0,No,No,4,59490
HP,AMD,Ryzen 5,11,16,DDR4,512,0,Windows,0,No,Yes,4,67500
HP,AMD,Ryzen 5,11,8,DDR4,512,0,Windows,0,No,No,4,48990
ASUS,AMD,Ryzen 5,11,8,DDR4,512,0,Windows,0,Yes,Yes,4,62450
ASUS,AMD,Ryzen 5,11,8,DDR4,512,0,Windows,0,No,No,4,58990
HP,AMD,Ryzen 5,11,8,DDR4,512,0,Windows,0,No,Yes,4,57999
ASUS,AMD,Ryzen 5,11,16,DDR4,512,0,Windows,0,No,No,4,56990
HP,AMD,Ryzen 5,11,8,DDR4,512,0,Windows,4,No,Yes,4,72990
HP,AMD,Ryzen 5,11,16,DDR4,512,0,Windows,0,No,Yes,4,65990
HP,AMD,Ryzen 5,11,16,DDR4,512,0,Windows,0,Yes,Yes,3,98020
HP,AMD,Ryzen 5,11,16,DDR4,512,0,Windows,2,No,Yes,4,63990
ASUS,AMD,Ryzen 5,11,8,DDR4,512,0,Windows,0,No,Yes,4,49890
DELL,AMD,Ryzen 5,11,8,DDR4,512,0,Windows,0,No,Yes,4,49990
DELL,AMD,Ryzen 5,11,8,DDR4,512,0,Windows,0,No,Yes,3,59490
HP,AMD,Ryzen 5,11,8,DDR4,512,0,Windows,0,Yes,Yes,4,73999
DELL,AMD,Ryzen 5,11,4,DDR4,512,0,Windows,0,No,Yes,4,60990
DELL,AMD,Ryzen 5,11,4,DDR4,512,0,Windows,6,No,No,4,76190
Lenovo,AMD,Ryzen 5,11,4,LPDDR4X,512,0,Windows,0,Yes,Yes,3,74798
ASUS,AMD,Ryzen 5,11,4,DDR4,512,0,Windows,0,No,No,4,58990
HP,AMD,Ryzen 5,11,4,DDR4,512,0,Windows,4,No,No,3,68100
Lenovo,AMD,Ryzen 5,11,4,DDR4,512,0,Windows,0,Yes,Yes,3,77990
HP,AMD,Ryzen 5,11,4,DDR4,512,0,Windows,0,No,Yes,4,55090
ASUS,AMD,Ryzen 5,11,4,LPDDR4X,512,0,Windows,0,Yes,No,3,91990
HP,AMD,Ryzen 5,11,4,DDR4,512,0,Windows,0,No,Yes,3,84208
acer,AMD,Ryzen 5,11,4,DDR4,512,0,Windows,0,No,No,4,44990
HP,AMD,Ryzen 5,11,4,DDR4,512,0,Windows,0,No,Yes,4,53490
Lenovo,AMD,Ryzen 5,11,4,DDR4,512,0,Windows,4,No,No,3,76498
DELL,AMD,Ryzen 5,11,4,DDR4,512,0,Windows,4,No,No,3,98920
MSI,AMD,Ryzen 5,11,4,DDR4,512,0,Windows,0,No,No,4,54990
acer,AMD,Ryzen 5,11,4,DDR4,512,0,Windows,0,No,No,4,49990
HP,AMD,Ryzen 5,11,4,DDR4,512,0,Windows,0,No,No,3,52380
acer,AMD,Ryzen 5,11,4,DDR4,512,0,Windows,0,No,No,4,49990
HP,AMD,Ryzen 5,11,4,DDR4,512,0,Windows,0,No,Yes,4,52500
ASUS,AMD,Ryzen 5,11,4,DDR4,512,0,Windows,0,No,Yes,4,49990
acer,AMD,Ryzen 5,11,4,DDR4,512,0,Windows,0,No,No,3,75999
ASUS,AMD,Ryzen 5,11,4,DDR4,512,0,Windows,0,No,No,3,80990
Lenovo,AMD,Ryzen 5,11,4,DDR4,512,0,Windows,0,No,No,3,59900
HP,AMD,Ryzen 5,11,4,DDR4,512,0,Windows,0,No,Yes,4,54590
DELL,AMD,Ryzen 5,11,4,DDR4,512,0,Windows,0,Yes,Yes,3,75500
HP,AMD,Ryzen 5,11,8,DDR4,512,0,Windows,0,No,Yes,4,51890
ASUS,AMD,Ryzen 5,11,16,DDR4,512,0,Windows,0,No,No,2,78000
HP,AMD,Ryzen 5,11,16,DDR4,512,0,Windows,0,No,Yes,4,59999
HP,AMD,Ryzen 5,11,8,DDR4,512,0,Windows,4,No,Yes,3,64990
DELL,AMD,Ryzen 5,11,4,DDR4,1024,0,Windows,0,No,No,4,57900
Lenovo,AMD,Ryzen 5,11,4,LPDDR4X,1024,0,Windows,0,Yes,Yes,3,81978
HP,AMD,Ryzen 5,11,4,DDR4,0,1024,Windows,4,No,No,4,59990
DELL,AMD,Ryzen 5,11,8,DDR4,256,1024,Windows,0,No,No,4,49490
ASUS,AMD,Ryzen 5,11,8,DDR4,256,1024,Windows,0,No,No,4,54990
Lenovo,AMD,Ryzen 5,11,8,DDR4,256,1024,Windows,4,No,No,4,68500
ASUS,AMD,Ryzen 5,11,8,DDR4,256,1024,Windows,0,No,No,4,54990
ASUS,AMD,Ryzen 5,11,8,DDR4,256,1024,Windows,0,No,Yes,4,54990
Lenovo,AMD,Ryzen 5,11,8,DDR4,256,1024,Windows,0,No,Yes,4,63990
HP,AMD,Ryzen 5,11,4,DDR4,256,1024,Windows,4,No,No,4,80000
DELL,AMD,Ryzen 5,11,4,DDR4,256,1024,Windows,0,No,No,3,51990
ASUS,AMD,Ryzen 5,11,4,DDR4,256,1024,Windows,0,No,Yes,4,62990
HP,AMD,Ryzen 5,11,4,DDR4,256,1024,Windows,0,No,No,4,52990
ASUS,AMD,Ryzen 5,11,4,DDR4,256,1024,Windows,0,No,Yes,3,75100
ASUS,AMD,Ryzen 7,11,16,DDR4,512,0,Windows,4,No,No,4,76990
ASUS,AMD,Ryzen 7,11,16,DDR4,512,0,Windows,4,No,No,3,79990
ASUS,AMD,Ryzen 7,11,8,DDR4,512,0,Windows,4,No,No,4,71990
ASUS,AMD,Ryzen 7,11,8,DDR4,512,0,Windows,4,No,No,4,71990
Lenovo,AMD,Ryzen 7,11,16,DDR4,512,0,Windows,4,No,Yes,4,99990
ASUS,AMD,Ryzen 7,11,16,DDR4,512,0,Windows,0,No,No,3,79990
DELL,AMD,Ryzen 7,11,16,DDR4,512,0,Windows,4,No,No,3,93990
ASUS,AMD,Ryzen 7,11,16,DDR4,512,0,Windows,4,No,No,4,82990
ASUS,AMD,Ryzen 7,11,4,DDR5,512,0,Windows,4,No,No,3,106990
ASUS,AMD,Ryzen 7,11,4,DDR4,512,0,Windows,0,No,No,4,92990
Lenovo,Intel,Ryzen 7,11,4,DDR4,512,0,Windows,4,No,Yes,3,81490
ASUS,AMD,Ryzen 7,11,4,DDR4,512,0,Windows,0,No,Yes,3,56990
MSI,AMD,Ryzen 7,11,4,DDR4,512,0,Windows,0,No,No,3,64990
Lenovo,AMD,Ryzen 7,11,4,DDR4,512,0,Windows,0,No,Yes,4,60990
Lenovo,AMD,Ryzen 7,11,4,DDR4,512,0,Windows,4,No,Yes,3,84988
HP,AMD,Ryzen 7,11,4,DDR4,512,0,Windows,4,No,No,4,90990
ASUS,AMD,Ryzen 7,11,4,DDR4,512,0,Windows,0,No,No,4,63990
Lenovo,AMD,Ryzen 7,11,4,DDR4,512,0,Windows,0,No,Yes,4,63990
HP,AMD,Ryzen 7,11,4,DDR4,512,0,Windows,0,No,Yes,4,57999
ASUS,AMD,Ryzen 7,11,4,DDR4,512,0,Windows,4,No,No,3,72400
Lenovo,AMD,Ryzen 7,11,4,DDR4,512,0,Windows,0,Yes,No,4,78990
acer,AMD,Ryzen 7,11,4,DDR4,512,0,Windows,0,No,No,3,59990
ASUS,AMD,Ryzen 7,11,4,DDR5,512,0,Windows,4,No,No,3,111990
HP,AMD,Ryzen 7,11,4,DDR4,512,0,Windows,0,Yes,No,3,109000
DELL,AMD,Ryzen 7,11,4,DDR4,512,0,Windows,6,No,No,4,89990
Lenovo,AMD,Ryzen 7,11,4,DDR4,512,0,Windows,0,Yes,Yes,3,78988
Lenovo,AMD,Ryzen 7,11,4,DDR4,512,0,Windows,4,No,No,3,73138
Lenovo,AMD,Ryzen 7,11,4,DDR4,512,0,Windows,4,No,No,3,106990
ASUS,AMD,Ryzen 7,11,4,DDR4,512,0,Windows,4,No,No,3,79990
DELL,AMD,Ryzen 7,11,4,DDR4,512,0,Windows,0,Yes,Yes,3,89570
HP,AMD,Ryzen 7,11,4,DDR4,512,0,Windows,0,No,Yes,4,68500
Lenovo,AMD,Ryzen 7,11,16,DDR4,512,0,Windows,0,No,No,3,73400
HP,AMD,Ryzen 7,11,16,DDR4,512,0,Windows,2,No,Yes,3,79990
HP,AMD,Ryzen 7,11,16,DDR4,512,0,Windows,4,No,Yes,2,84990
MSI,AMD,Ryzen 7,11,16,DDR4,1024,0,Windows,8,No,No,4,99990
ASUS,AMD,Ryzen 7,11,8,LPDDR4X,1024,0,Windows,4,No,No,4,72990
HP,AMD,Ryzen 7,11,16,DDR4,1024,0,Windows,0,Yes,Yes,3,92990
HP,AMD,Ryzen 7,11,16,DDR4,1024,0,Windows,0,No,Yes,3,84190
ASUS,AMD,Ryzen 7,11,16,LPDDR4X,1024,0,Windows,0,Yes,No,3,112990
ASUS,AMD,Ryzen 7,11,4,DDR5,1024,0,Windows,4,No,No,3,114990
acer,AMD,Ryzen 7,11,4,DDR4,1024,0,Windows,4,No,No,3,99990
ASUS,AMD,Ryzen 7,11,4,DDR4,1024,0,Windows,4,No,No,4,95990
HP,AMD,Ryzen 7,11,4,DDR4,1024,0,Windows,8,No,No,4,159990
ASUS,AMD,Ryzen 7,11,4,DDR4,1024,0,Windows,0,No,Yes,3,76990
Lenovo,AMD,Ryzen 7,11,4,DDR4,1024,0,Windows,6,No,Yes,3,130990
ASUS,AMD,Ryzen 7,11,4,DDR4,1024,0,Windows,0,No,No,3,99990
ASUS,AMD,Ryzen 7,11,4,DDR5,1024,0,Windows,4,No,No,3,112990
Lenovo,AMD,Ryzen 7,11,4,DDR4,1024,0,Windows,0,No,Yes,3,77988
ASUS,AMD,Ryzen 7,11,4,DDR4,1024,0,Windows,0,No,Yes,5,76000
ASUS,AMD,Ryzen 7,11,4,LPDDR4X,1024,0,Windows,4,Yes,No,4,99990
ASUS,AMD,Ryzen 7,11,4,DDR4,1024,0,Windows,0,No,No,3,111000
ASUS,AMD,Ryzen 7,11,16,LPDDR4X,1024,0,Windows,0,No,Yes,3,84970
HP,AMD,Ryzen 7,11,16,DDR4,256,1024,Windows,4,No,Yes,4,75990
acer,AMD,Ryzen 7,11,16,DDR4,256,1024,Windows,6,No,No,4,89990
acer,AMD,Ryzen 7,11,16,DDR4,256,1024,Windows,4,No,No,4,81990
Lenovo,AMD,Ryzen 7,11,4,DDR4,512,1024,Windows,0,No,No,3,80490
ASUS,AMD,Ryzen 9,11,16,DDR4,1024,0,Windows,6,No,No,3,135990
ASUS,AMD,Ryzen 9,11,16,DDR4,1024,0,Windows,0,No,No,4,154990
ASUS,AMD,Ryzen 9,11,16,DDR4,1024,0,Windows,8,No,Yes,4,199990
ASUS,AMD,Ryzen 9,11,16,DDR4,1024,0,Windows,4,No,No,4,114990
ASUS,AMD,Ryzen 9,11,16,DDR4,1024,0,Windows,6,No,Yes,4,129990
ASUS,AMD,Ryzen 9,11,16,LPDDR4X,1024,0,Windows,4,Yes,Yes,4,114990
MSI,AMD,Ryzen 9,11,4,DDR4,1024,0,Windows,0,No,No,3,146990
ASUS,AMD,Ryzen 9,11,4,DDR4,1024,0,Windows,0,No,No,4,104990
ASUS,AMD,Ryzen 9,11,4,LPDDR4X,1024,0,Windows,4,Yes,No,4,114990
ASUS,AMD,Ryzen 9,11,4,LPDDR4X,1024,0,Windows,4,Yes,Yes,5,124990
ASUS,AMD,Ryzen 9,11,4,LPDDR4X,1024,0,Windows,0,Yes,No,3,134990
HP,AMD,Ryzen 9,11,4,DDR4,1024,0,Windows,8,No,Yes,3,141990
ASUS,AMD,Ryzen 9,11,4,DDR4,1024,0,Windows,0,No,No,3,129990
ASUS,AMD,Ryzen 9,11,4,LPDDR4X,1024,0,Windows,4,Yes,Yes,4,142990
ASUS,AMD,Ryzen 9,11,4,DDR4,1024,0,Windows,0,No,No,3,121990
ASUS,AMD,Ryzen 9,11,4,LPDDR4X,1024,0,Windows,4,Yes,Yes,4,124990
ASUS,AMD,Ryzen 9,11,4,DDR4,1024,0,Windows,6,No,No,4,141990
ASUS,AMD,Ryzen 9,11,4,DDR4,1024,0,Windows,4,No,No,3,162990
ASUS,AMD,Ryzen 9,11,4,DDR4,1024,0,Windows,0,No,No,3,130500
ASUS,AMD,Ryzen 9,11,4,DDR4,1024,0,Windows,4,No,No,3,116990
ASUS,AMD,Ryzen 9,11,4,DDR4,1024,0,Windows,6,No,No,3,138990
ASUS,AMD,Ryzen 9,11,4,LPDDR4X,1024,0,Windows,4,Yes,Yes,3,234990
ASUS,AMD,Ryzen 9,11,4,DDR4,1024,0,Windows,0,No,No,3,135990
ASUS,AMD,Ryzen 9,11,4,DDR4,1024,0,Windows,0,No,No,3,144990
ASUS,AMD,Ryzen 9,11,4,DDR4,1024,0,Windows,4,No,No,3,149990
ASUS,AMD,Ryzen 9,11,4,DDR4,1024,0,Windows,4,No,No,3,142990
Lenovo,AMD,Ryzen 5,10,8,DDR4,512,0,DOS,0,No,No,4,57490
